
{"username":"serun_31686827","status":"ACTIVATED","comments":"GENERIC ACTIVATION"}
{"username":"serun_31686827","status":"sql309","comments":"SQL_SERVER"}
{"username":"serun_31725224","status":"ACTIVATED","comments":"GENERIC ACTIVATION"}
{"username":"serun_31725224","status":"sql102","comments":"SQL_SERVER"}
{"username":"serun_31725227","status":"ACTIVATED","comments":"GENERIC ACTIVATION"}
{"username":"serun_31725227","status":"sql102","comments":"SQL_SERVER"}
{"username":"serun_31686827","status":"SUSPENDED","comments":"RES_CLOSE : I don't need that account"}